SEX,EDUCATION,MARRIAGE,AGE,PAY_0,PAY_2,PAY_3,PAY_4,PAY_5,PAY_6,BILL_AMT2,BILL_AMT3,BILL_AMT4,BILL_AMT5,PAY_AMT1,PAY_AMT2,PAY_AMT3,PAY_AMT4,PAY_AMT6
2,2,1,24,2,2,-1,-1,-2,-2,3102,689,0,0,0,689,0,0,0
2,2,2,26,-1,2,0,0,0,2,1725,2682,3272,3455,0,1000,1000,1000,2000
2,2,2,34,0,0,0,0,0,0,14027,13559,14331,14948,1518,1500,1000,1000,5000
2,2,1,37,0,0,0,0,0,0,48233,49291,28314,28959,2000,2019,1200,1100,1000
1,2,1,57,-1,0,-1,0,0,0,5670,35835,20940,19146,2000,36681,10000,9000,679
1,1,2,37,0,0,0,0,0,0,57069,57608,19394,19619,2500,1815,657,1000,800
1,1,2,29,0,0,0,0,0,0,412023,445007,542653,483003,55000,40000,38000,20239,13770
2,2,2,23,0,-1,-1,0,0,-1,380,601,221,-159,380,601,0,581,1542
2,3,1,28,0,0,2,0,0,0,14096,12108,12211,11793,3329,0,432,1000,1000
1,3,2,35,-2,-2,-2,-2,-1,-1,0,0,0,13007,0,0,0,13007,0
2,3,2,34,0,0,2,0,0,-1,9787,5535,2513,1828,2306,12,50,300,66
2,1,2,51,-1,-1,-1,-1,-1,2,21670,9966,8517,22287,21818,9966,8583,22301,3640
2,2,2,41,-1,0,-1,-1,-1,-1,6500,6500,6500,6500,1000,6500,6500,6500,0
1,2,2,30,1,2,2,0,0,2,67369,65701,66782,36137,3200,0,3000,3000,0
1,1,2,29,0,0,0,0,0,0,67060,63561,59696,56875,3000,3000,3000,3000,3000
2,3,3,23,1,2,0,0,0,0,29173,28116,28771,29531,0,1500,1100,1200,1100
1,1,2,24,0,0,2,2,2,2,18010,17428,18338,17905,3200,0,1500,0,0
1,1,1,49,0,0,0,-1,-1,-1,246536,194663,70074,5856,10358,10000,75940,20000,50000
2,1,1,49,1,-2,-2,-2,-2,-2,0,0,0,0,0,0,0,0,0
2,1,2,29,1,-2,-2,-2,-2,-2,0,0,0,0,0,0,0,0,0
2,3,2,39,0,0,0,0,0,-1,27688,24489,20616,11802,3000,1537,1000,2000,33764
2,2,1,39,-1,-1,-1,-1,-1,-1,316,316,0,632,316,316,0,632,0
2,2,2,26,2,0,0,2,2,2,42445,45020,44006,46905,2007,3582,0,3601,1820
2,1,1,40,-2,-2,-2,-2,-2,-2,19420,1473,560,0,19428,1473,560,0,1128
1,1,2,23,0,0,0,-1,0,0,7070,0,5398,6360,5757,0,5398,1200,2000
1,3,2,23,0,0,0,0,0,0,41810,36023,28967,29829,1973,1426,1001,1432,997
1,1,2,27,1,-2,-1,-1,-1,-1,-425,259,-57,127,0,1000,0,500,1000
2,3,2,30,0,0,0,0,0,0,16138,17163,17878,18931,1300,1300,1000,1500,1012
2,3,1,47,-1,-1,-1,-1,-1,-1,3415,3416,2040,30430,3415,3421,2044,30430,0
1,1,2,26,0,0,0,0,0,0,16575,17496,17907,18375,1500,1500,1000,1000,0
2,1,2,27,-1,-1,-1,-1,-1,-1,17265,13266,15339,14307,17270,13281,15339,14307,0
1,2,2,33,2,0,0,0,0,0,29618,22102,22734,23217,1718,1500,1000,1000,716
1,1,2,32,0,0,0,0,0,0,84071,82880,80958,78703,3023,3511,3302,3204,2504
2,2,1,54,-2,-2,-2,-2,-2,-2,4152,22722,7521,71439,4152,22827,7521,71439,51582
1,1,1,58,-2,-2,-2,-2,-2,-2,5006,31130,3180,0,5006,31178,3180,0,768
1,1,2,30,-1,-1,-2,-2,-2,-1,-131,-527,-923,-1488,131,396,396,565,0
1,2,1,40,0,0,0,0,0,0,181328,180422,170410,173901,8026,8060,6300,6400,6737
2,2,2,22,0,0,0,0,0,-1,9806,11068,6026,-28335,1500,1518,2043,0,617
1,1,2,25,1,-1,-1,-2,-2,-2,780,0,0,0,780,0,0,0,0
1,1,2,31,-1,-1,2,-1,0,-1,9075,4641,9976,17976,9075,0,9976,8000,781
1,1,2,33,0,0,0,0,0,0,221296,206895,628699,195969,10000,7000,6000,188840,4000
2,1,2,25,0,0,0,0,0,0,66999,63949,63699,64718,3000,4500,4042,2500,2500
1,2,2,22,0,0,0,0,0,0,3184,6003,3576,3670,1500,2927,1000,300,500
2,2,1,37,0,0,0,0,0,0,61544,62925,64280,67079,3000,3000,3000,4000,3000
2,1,2,30,0,0,0,2,0,0,21295,25921,25209,26636,3000,5000,0,2000,0
1,1,2,29,-2,-2,-2,-2,-2,-2,0,0,0,0,0,0,0,0,0
2,1,2,22,0,0,2,-1,0,0,16484,15800,16341,16675,3000,0,16741,334,0
2,5,2,46,0,0,-1,0,0,-2,3034,1170,1170,0,1013,1170,0,0,0
1,2,2,32,-1,-1,-1,-1,-1,-1,21540,15134,32018,11849,21540,15138,24677,11851,8251
1,1,2,24,0,0,0,0,0,0,18479,19476,19865,20480,1318,1315,704,928,1069
1,3,2,42,1,2,2,2,2,0,36171,38355,39423,38659,0,3100,2000,0,1500
2,3,3,43,0,0,0,0,0,0,51163,43824,39619,35762,2000,1606,1500,2000,1000
2,2,1,49,-2,-2,-2,-2,-2,-2,7867,7600,11185,3544,7875,7600,11185,3544,0
2,1,2,25,1,2,0,0,0,0,41742,42758,43510,44420,1300,2010,1762,1762,1622
2,1,2,29,2,0,0,0,0,0,34993,31434,26518,21042,1600,1718,1049,1500,5000
2,1,1,45,-2,-2,-2,-2,-2,-2,3640,162,0,151,3640,162,0,151,0
2,3,1,34,0,0,0,-1,-1,-1,15793,8441,7142,-679,8500,1500,7500,679,2000
2,2,1,34,0,0,0,0,0,0,173440,172308,168608,132202,8083,7296,5253,4814,3800
2,1,2,34,-1,3,2,2,2,2,1098,782,1166,700,0,0,700,0,0
2,2,1,29,0,0,0,0,0,0,398857,404205,360199,356656,17000,15029,30000,12000,23000
2,3,1,28,0,0,0,0,0,0,23638,18878,14937,13827,1516,1300,1000,1000,2000
1,2,1,39,0,0,0,0,0,-1,72060,69938,16518,14096,4025,2095,1000,2000,0
1,1,2,29,2,2,2,2,2,2,24300,26591,25865,27667,0,2700,0,2225,0
2,2,1,46,0,0,0,-2,-2,-2,29166,0,0,0,1000,0,0,0,0
2,2,1,51,-1,-1,-2,-2,-1,-1,0,0,0,2353,0,0,0,2353,0
1,1,1,57,-2,-2,-2,-1,2,2,148751,144076,8174,8198,0,0,8222,300,1000
1,2,1,56,2,2,2,0,0,0,4193,3978,4062,4196,2300,0,150,200,160
2,1,2,30,2,-1,-1,-1,-1,-1,300,1159,2280,300,300,1159,2280,300,909
2,3,2,29,1,-2,-2,-1,2,-1,-9850,-9850,10311,10161,0,0,20161,0,13899
1,5,2,22,2,0,0,0,0,0,17204,17285,18085,11205,0,1200,1000,500,0
1,1,2,31,-1,-1,-1,-1,-1,-1,0,390,390,390,0,390,390,390,390
1,2,2,29,2,2,2,2,2,2,59246,60184,58622,62307,2500,2500,0,4800,1600
2,2,1,32,-1,-1,-1,-1,2,-1,5787,-684,5247,3848,5818,15,9102,17,1395
2,1,2,37,1,-2,-1,-1,-1,-1,0,3155,0,2359,0,3155,0,2359,0
1,1,2,32,-1,-1,-1,-1,-1,-1,5550,23337,4291,80153,5713,23453,4314,80552,2016
1,2,2,24,0,0,2,0,0,0,17216,16642,16976,17332,2850,0,610,630,0
1,3,2,25,-1,0,0,0,0,0,37225,36087,9636,9590,1759,1779,320,500,1000
2,1,1,45,-1,-1,-1,-1,-1,-1,291,291,291,291,291,291,291,291,291
2,2,2,22,0,0,0,0,0,0,29612,30326,28004,26446,1686,1400,560,3000,0
2,2,2,44,1,-2,-2,-2,-2,-2,0,0,0,0,0,0,0,0,0
2,3,3,33,0,0,0,0,0,0,157784,162702,69923,29271,6400,7566,3000,960,3000
2,1,2,26,0,0,0,0,0,-1,27796,30400,33100,180000,4796,3400,3100,146900,2963
1,3,2,30,0,0,0,0,0,0,27471,28108,21993,19899,1576,1213,648,768,0
2,2,1,44,0,0,2,0,0,0,139060,126819,104430,104990,10700,3,3050,3000,2800
2,3,2,49,0,0,0,0,0,0,47863,21489,20414,19342,1676,1302,700,699,826
1,2,2,33,0,0,0,0,0,0,107808,71934,118418,118407,4400,3547,80000,4500,4500
2,1,1,45,-1,-1,2,0,-1,-1,1170,780,390,390,1170,0,0,390,390
2,2,2,32,0,0,0,0,0,-1,4751,6604,8604,7072,1147,2000,2000,0,2303
2,1,1,35,0,0,0,-1,-1,-1,117866,17740,1330,7095,40000,5000,1330,7095,2090
1,3,2,44,2,2,0,0,0,2,8303,9651,10488,12314,0,1651,1000,2000,1500
1,1,1,53,2,2,2,2,2,2,140774,142460,144098,147124,6300,5500,5500,5500,5000
2,1,2,39,-1,-1,-1,0,0,-2,0,3968,3868,0,0,3968,0,0,0
2,1,2,27,-2,-2,-2,-2,-2,-2,5555,0,0,0,7555,0,0,0,0
2,2,1,37,-1,-1,-1,-1,-1,-2,1602,840,840,0,1602,840,840,0,7736
2,2,2,23,0,0,0,0,0,0,46850,47214,19595,19209,1937,1301,682,690,835
1,2,2,35,0,0,0,0,0,0,85996,87653,35565,30942,3621,3597,1179,1112,1143
1,1,1,43,-1,-1,-1,-1,-1,0,8322,3394,6451,26370,8339,3394,12902,27000,68978
1,1,2,27,0,0,0,0,0,0,86108,89006,89775,87725,4031,10006,3266,4040,800
2,3,1,22,0,0,0,0,0,0,18160,16997,13150,8866,1411,1194,379,281,197
1,2,1,38,0,0,0,0,0,-1,19367,19559,18240,17928,1699,1460,626,1750,0
1,1,2,32,-2,-2,-2,-2,-2,-2,10212,850,415,100,10212,850,415,100,0
2,1,2,30,-2,-2,-1,0,0,0,-303,32475,32891,33564,223,33178,1171,1197,5000
1,1,1,63,0,0,0,2,2,0,431342,479432,487066,471145,16078,55693,17000,0,24200
2,3,2,22,0,0,0,0,0,0,42254,38347,32496,23477,1767,1362,1002,840,904
2,2,2,26,2,2,2,2,2,0,55208,59175,60218,55447,0,5000,2511,6,3000
2,2,2,24,-1,-1,-2,-2,-2,-1,0,0,0,0,0,0,0,0,2000
2,2,1,36,-1,-1,-1,-1,-1,-1,2861,3277,3319,1150,2861,3279,3319,1150,1035
1,1,2,52,-1,-1,-1,-1,-1,-1,2272,722,867,1150,2272,722,867,1150,5011
1,2,2,38,0,0,0,-1,-1,-1,178382,39940,120483,44127,10908,0,133657,4566,4796
1,2,1,35,1,-2,-2,-2,-2,-2,-103,-103,-103,-103,0,0,0,0,0
2,1,1,31,0,0,2,0,0,0,108431,105594,105896,106491,9260,0,3593,4100,0
1,3,1,47,0,0,2,0,0,0,14722,15181,15928,16671,2000,1000,1000,1000,1000
1,2,1,41,2,2,2,2,2,3,138532,134813,144401,152174,6500,0,14254,14850,5000
2,1,2,24,0,0,0,0,0,0,52692,54477,56076,60100,2000,2677,3076,5080,2033
1,2,2,41,0,0,0,0,0,0,19294,20259,20274,20311,1340,1305,700,718,684
1,1,2,24,-1,2,0,0,3,2,17618,18631,21319,20692,0,1312,3000,0,1000
1,1,2,28,-1,-1,-1,-1,-1,-1,326,326,5676,476,326,326,5676,476,526
1,2,2,26,2,0,0,0,0,0,15493,16630,17055,17629,2000,1700,1000,1000,1000
1,2,1,34,-1,-1,-1,-1,-1,-1,9666,11867,7839,14837,9677,11867,7839,14837,5712
2,2,2,38,0,0,0,0,-1,-1,51445,53015,52479,1307,2000,3000,3000,1307,563
1,3,2,37,2,2,2,3,2,2,45976,48953,48851,49318,1000,4035,1000,1400,0
1,1,1,40,1,-2,-2,-2,-2,-2,0,0,0,0,0,0,0,0,0
2,1,1,48,1,-2,-2,-2,-2,-2,0,0,0,0,0,0,0,0,0
2,2,1,35,2,0,0,0,0,0,311243,306314,258610,246491,13019,11128,8407,8599,5987
1,1,2,27,0,0,0,0,0,0,18962,19298,19378,19717,1404,1130,600,861,0
1,2,2,23,1,-2,-2,-2,-2,-2,0,0,0,0,0,0,0,0,0
1,3,2,52,0,0,0,0,0,0,99530,98951,100914,103146,3568,3585,3602,3848,3784
1,1,1,36,0,0,0,0,0,0,116422,99278,95766,97753,4655,2690,2067,2142,1000
1,2,1,51,0,0,0,0,0,0,3899,4503,5347,6375,1000,1066,1300,1500,134
1,3,1,55,3,2,2,0,0,0,61450,57244,28853,29510,2504,7,1200,1200,1500
2,1,2,23,1,-2,-2,-2,-1,-1,5645,3508,-27,13744,5645,3508,27,13771,3024
1,1,2,41,1,-1,-1,0,0,-1,2622,3301,3164,360,2622,3301,0,360,924
1,2,1,34,0,0,0,0,0,0,247743,229049,220951,210606,9744,9553,7603,7830,11326
1,3,1,46,0,0,0,0,0,0,228719,229644,227587,227775,8210,8095,8025,8175,8200
2,2,2,22,0,0,0,0,0,0,26145,26712,25350,17603,2000,1400,0,500,1560
1,2,1,34,0,0,0,2,2,2,12035,13681,13269,14158,1500,1800,0,1000,327
1,1,2,27,0,0,0,0,0,0,19342,22000,24614,27200,2500,3000,3000,3000,5000
2,2,1,33,0,0,0,0,0,0,7997,8792,9189,4404,1500,1500,1000,500,546
2,3,1,51,-1,-1,-1,-1,-2,-2,300,5880,0,0,300,5880,0,0,0
1,1,2,24,0,0,0,0,0,0,50143,49586,19430,19375,2360,1700,1000,900,2130
1,1,2,47,1,-2,-2,-2,-2,-2,0,0,0,0,0,0,0,0,0
1,2,2,28,-1,-1,-1,-1,-1,-1,0,832,332,416,0,416,332,500,832
1,2,2,23,1,2,2,2,0,0,10833,20583,19996,19879,1000,10000,400,700,600
1,2,2,29,-2,-2,-2,-2,-2,-2,10000,10000,10000,9983,10000,10000,10000,9983,10000
1,1,2,29,-1,-1,-1,-1,0,-1,15586,344,2340,6702,15586,344,2340,4702,330
1,1,2,28,0,0,0,0,0,3,5913,7315,9195,10624,1000,1500,2000,1583,0
2,2,2,27,0,0,0,0,0,0,20313,20852,17560,17918,1661,1200,351,358,0
1,1,2,34,1,2,0,0,0,0,176192,93069,135668,132233,8000,5000,55500,5000,8500
2,2,1,23,1,2,3,2,0,0,10522,10205,9898,10123,1650,0,0,379,1
2,1,1,60,1,-2,-1,-1,-1,-1,-1100,21400,0,969,0,22500,0,969,0
1,2,1,32,0,0,0,0,2,0,78142,68336,64648,58319,3455,3110,5000,0,2602
1,1,2,25,0,0,0,0,0,0,55744,43476,41087,41951,30000,3000,6000,8000,14000
1,1,2,41,1,-1,-1,-1,-1,-2,2906,1000,630,0,2906,1000,630,0,0
2,2,1,56,0,0,0,0,0,0,182350,132257,101783,177145,8042,6700,5137,100000,6321
2,3,2,26,0,0,0,0,0,0,10406,11427,11935,13084,1700,1500,1000,1500,1500
1,1,1,34,0,0,0,0,0,0,28049,32073,43129,47086,5000,5000,11885,5000,5504
2,1,2,37,0,0,0,0,0,0,102870,89643,90938,92505,4000,3250,3250,3500,5000
2,3,2,30,0,0,0,0,0,0,196143,189524,167163,146975,7300,7108,7680,6200,4500
1,3,1,45,2,3,4,4,5,6,122904,129847,137277,145533,10478,10478,11078,11078,10478
1,3,1,57,3,2,0,0,0,0,12362,13447,13427,13711,0,1600,500,500,600
1,1,2,41,2,2,2,2,2,0,27453,26718,28168,27579,3500,0,2200,0,1250
1,2,2,27,2,-1,-1,-1,-1,2,390,780,216,1080,390,780,216,864,390
1,3,1,47,-1,-1,-1,-1,0,-1,396,396,792,396,396,396,792,0,369
2,1,1,34,0,0,2,0,0,0,156858,151841,152803,155997,17994,0,5469,5656,3920
2,2,1,46,0,0,0,0,0,0,23803,24908,26034,26655,3000,1500,1500,1000,1500
2,1,2,27,0,0,0,0,0,0,104795,104855,74737,76058,5500,3900,3000,2900,2800
1,1,2,50,-2,-2,-2,-2,-2,-2,15130,8204,15398,4792,15383,8204,15413,4792,4699
1,2,1,27,-1,2,2,0,0,0,96847,58824,29336,22979,3166,0,1330,1398,50000
2,2,1,35,0,0,0,0,0,2,73854,75526,77317,85852,3500,3500,3652,10000,0
2,2,2,22,0,0,0,0,0,0,29092,29366,27737,28318,1510,1442,982,1017,567
1,2,2,37,0,0,0,0,0,0,33397,30534,27598,26344,5000,2000,3000,4000,2000
2,1,2,30,-1,-1,-1,-1,-1,-1,3280,0,4340,2672,3288,0,4340,2672,746
2,2,2,22,-1,0,0,0,0,0,15273,11650,7457,3115,15000,1000,149,0,10000
2,1,2,24,1,-2,-2,-2,-2,-2,-709,-709,-2898,-3272,0,0,0,0,0
1,1,2,29,1,-2,-1,-1,-2,-2,0,77,0,0,0,77,0,0,0
1,3,1,56,1,2,2,2,2,3,65978,67282,68557,72796,3000,3000,3000,5500,0
1,1,2,30,-2,-1,0,0,0,0,100,600,1438,1919,504,500,1000,500,0
1,2,2,30,1,2,0,0,0,2,47801,48363,30221,22877,0,1500,1000,2000,2000
2,2,2,22,0,0,0,0,0,0,12622,13221,13130,14034,1212,1201,500,1500,1000
2,2,1,29,0,0,2,0,0,0,81811,80250,61467,10662,5800,1000,600,400,0
1,1,2,37,-1,-1,2,0,0,-1,26578,25331,26605,26279,15000,0,2000,0,65935
2,3,2,35,0,-1,0,0,0,0,12412,14873,17364,17770,12500,6500,3000,2000,2000
2,1,1,47,0,0,0,0,0,0,110616,110340,122967,108834,70010,30357,30000,20000,20000
2,2,1,24,0,0,0,0,0,0,57891,48839,18971,19323,2500,1600,3000,1000,2000
1,2,2,25,0,0,0,0,0,-1,11677,13070,12280,1615,1200,1593,601,135,0
2,2,1,38,1,2,0,0,2,0,13961,15323,16268,15868,0,1600,1500,0,1500
2,1,2,32,1,-1,-1,-1,-1,-1,57077,5287,68445,13881,57087,5295,68454,13889,38313
2,3,2,47,2,2,2,2,2,2,202947,193936,196186,200162,8214,7000,6800,7134,6836
2,2,1,34,1,-1,0,0,0,0,5396,10270,13576,13864,5396,5000,3500,501,2000
2,2,2,31,1,5,4,4,3,2,21087,21461,20835,20219,0,1000,0,0,0
1,1,2,32,0,0,0,0,0,0,62147,62102,65875,60387,10020,6031,10057,5028,4223
2,1,2,27,2,0,0,0,2,0,20347,21669,23005,22499,1342,1664,2000,0,846
2,1,2,29,-1,-1,-1,-2,-1,0,199,0,0,17227,199,0,0,17227,5114
2,1,2,24,-1,-1,2,0,0,-2,22087,21282,10200,0,37867,0,200,0,0
1,2,1,36,0,0,0,0,-1,-1,18114,18250,-14,72,2000,1000,2000,500,20011
2,1,2,24,1,2,2,2,2,2,37188,37680,38462,39228,1900,1400,1700,1532,0
2,2,1,34,-2,-2,-2,-2,-2,-2,0,0,116,0,0,0,116,0,0
2,1,2,22,0,0,0,0,-1,0,19446,19065,8332,18868,1500,1032,541,20000,1000
2,1,1,34,-2,-2,-2,-1,-1,-1,138,2299,1251,1206,138,2299,1251,1206,15816
2,3,2,22,1,2,2,0,0,0,29256,28122,29836,1630,1000,85,1714,104,0
2,1,1,38,-2,-2,-2,-2,-2,-2,0,0,0,0,0,0,0,0,0
1,1,2,31,0,0,2,0,0,2,27299,17985,20225,27407,25000,0,3000,7800,2500
2,1,2,26,-1,0,-1,-1,-1,-1,18000,13001,5818,13506,10000,13001,5841,13506,7004
1,2,2,26,0,0,0,0,0,0,110578,113736,116000,119131,5000,5000,4152,5000,5000
2,2,1,48,0,0,0,0,0,0,231878,234192,190211,173557,9100,7300,5800,5600,4100
1,3,1,43,-1,-1,0,0,0,0,20351,20237,19339,19450,22359,1305,1258,1459,1700
1,1,1,47,-1,-1,-1,-1,-1,-1,1473,390,390,390,1473,390,390,390,2380
2,2,1,41,-1,-1,-1,-1,-1,-1,1586,343,3763,877,1586,343,3763,877,419
2,2,2,24,0,0,0,0,0,0,81554,79599,49552,49509,3200,3000,2038,2000,1800
2,1,1,50,-1,-1,-1,-1,-2,-2,4337,2854,1690,0,4345,2854,1702,0,258
1,1,2,24,0,0,0,-1,-1,-1,108917,111520,8303,0,5000,5050,8303,0,0
2,1,1,38,1,-2,-1,0,-1,-1,0,250,123,789,0,250,0,789,9616
2,3,1,43,0,0,0,0,0,0,38901,38103,36207,33138,1700,1504,1200,1500,1000
1,2,2,39,0,0,0,2,0,0,28108,18388,12992,7736,3036,2309,0,1000,148
1,2,2,27,2,2,2,2,0,0,303320,307843,479978,305145,13000,11001,0,10484,10367
1,3,1,42,-1,-1,-1,-1,-1,2,390,390,240,1320,390,390,240,1470,0
2,2,1,36,1,-2,-2,-2,-2,-2,-946,-946,-946,-946,0,0,0,0,0
1,2,2,36,2,0,0,0,0,0,78501,78534,80016,76235,3100,3500,3400,3000,3000
2,3,0,31,0,0,0,0,0,0,84229,79288,73315,63818,4000,5000,3000,3000,8954
2,1,2,38,-1,-1,-1,-1,-2,-2,4542,126,0,0,4542,126,0,0,0
2,1,1,40,2,2,2,0,0,0,115468,112157,114690,117845,12000,0,5900,5000,4700
2,3,2,45,0,0,0,0,0,0,334954,335527,333860,335760,12388,12378,12116,12450,11678
2,2,2,35,0,0,0,0,0,0,297268,205629,215827,208464,12019,9006,17000,12000,15000
2,2,2,33,0,0,0,0,0,0,94037,108597,65913,43805,10042,18832,2117,2076,3754
2,3,2,37,1,3,2,0,0,0,51537,49205,30394,30249,0,24,1500,1000,30592
2,1,2,28,0,0,0,0,0,0,131199,128900,125514,127280,6530,4860,22500,4820,4962
1,3,1,44,-1,-1,-1,-1,-1,-2,2686,1864,569,0,2686,1864,569,0,0
1,2,1,37,0,0,0,0,0,0,16511,18902,18768,18650,1609,3000,663,676,782
1,2,2,23,2,0,0,0,0,0,48456,44116,21247,20066,2401,2254,2004,704,1004
2,3,2,24,1,2,0,0,0,0,18165,17233,7630,1730,0,1333,500,100,3200
2,1,2,24,0,0,0,0,0,0,35796,30937,19420,10385,2090,2002,1002,238,389
1,2,2,23,1,2,0,0,2,0,17132,16856,16875,13454,0,1200,1000,0,10000
1,2,1,26,0,0,-2,-1,-1,0,0,0,2624,45567,0,0,2624,45567,2000
1,2,2,34,2,0,0,0,2,2,131383,134379,142323,140120,5000,5000,10000,0,2769
2,2,1,33,0,0,0,0,0,0,36367,20934,20694,20175,1506,1298,1000,721,599
1,1,2,35,-1,-1,-1,-1,-1,-1,3977,6848,1719,1378,3983,6853,1719,1378,2418
2,2,2,27,0,0,0,0,0,0,110050,51547,44384,36900,4500,1745,1566,1208,2529
2,1,2,31,-2,-2,-2,-2,-1,-1,0,7422,893,6082,0,7422,893,6082,3299
2,3,1,50,0,0,0,0,0,0,231669,214642,207642,210375,10116,9150,8008,8000,7714
2,2,3,41,0,0,0,0,0,0,21708,22940,19068,16409,3000,2000,2198,1000,2399
2,1,2,28,1,2,2,-2,-2,-1,20650,0,0,0,0,0,0,0,0
1,1,2,39,0,0,0,0,0,0,47974,48630,50803,30789,1800,2000,3000,2000,2000
2,2,2,27,0,0,0,0,0,0,27724,28676,27990,28790,1800,1750,900,1200,1100
2,1,2,32,-1,-1,2,2,-1,-1,5853,2821,0,2821,2821,0,0,2821,176
2,1,2,40,-1,-1,2,2,2,2,215,139,19,19,355,120,0,0,60
2,2,2,40,0,0,0,0,0,-2,20396,20102,19575,0,1601,2203,2114,0,0
2,2,1,75,0,-1,-1,-1,-1,-1,1631,1536,1010,5572,1631,1536,1010,5572,1184
2,2,2,27,0,0,0,0,0,0,34457,30036,30337,30997,1788,1799,1100,1150,0
1,1,2,25,0,0,0,0,2,0,45781,48139,51137,39450,2504,4007,5056,74,2566
1,3,1,46,0,0,0,0,0,0,15392,16099,16418,16765,1561,1268,587,611,2000
2,2,2,26,1,2,2,0,0,0,51486,48869,30115,29527,1710,136,1206,2002,3003
1,2,2,28,0,0,0,0,0,0,29507,29155,25255,22001,5006,1244,851,955,0
2,2,2,26,0,0,0,0,0,0,105246,104781,105334,107699,5366,5087,3605,3894,3304
2,1,2,28,0,0,0,0,-1,0,47779,28052,7222,99669,7042,2000,1000,99669,10000
2,2,2,29,-1,0,-1,-1,-1,-1,3719,1453,4944,1896,3127,1469,4968,1905,862
1,2,1,25,0,0,0,0,0,0,28513,29341,29928,29533,1565,1393,980,994,886
2,2,1,48,0,-1,-1,-1,-1,-1,1233,862,1355,1130,1233,1075,1355,1130,1347
2,2,1,33,-1,-1,-1,-1,0,-1,2453,9624,52572,7333,2453,9880,52572,1546,0
2,3,1,43,0,0,-2,-2,-2,-2,0,0,0,0,0,0,0,0,0
1,1,1,48,2,0,0,0,0,0,213522,201852,169115,172169,10000,9020,6000,5500,5500
2,1,2,29,0,0,0,0,0,0,99414,107686,103776,87265,40010,20094,5000,5001,65000
1,2,2,29,0,0,0,0,0,0,35100,32563,27823,29130,1602,1400,3000,3130,6318
2,1,1,38,-1,-1,-1,-1,2,-1,4664,5969,18941,16578,4664,5969,18941,0,1916
2,1,2,37,-2,-2,-2,-2,-2,-2,50815,0,0,299,51315,0,0,299,0
2,1,2,37,-1,-1,-1,-1,-1,-1,249,5986,188,1644,258,5995,188,1644,4000
2,2,1,25,-1,-1,-2,-1,-1,-1,0,0,316,316,0,0,316,316,316
1,3,2,23,0,0,0,0,0,2,7838,9002,9182,9729,1134,1298,478,847,175
2,3,2,49,0,0,0,0,0,0,91362,72197,49654,28065,4100,3095,1630,561,0
2,1,2,48,0,0,0,0,0,0,34449,33634,34586,34762,1600,1600,1500,1500,1500
1,2,2,27,3,2,2,0,0,-1,14880,14242,13968,14319,1700,0,426,501,1390
1,3,2,32,0,0,0,0,0,0,31545,20974,19713,19848,2035,2004,616,2007,2015
1,1,1,34,-1,2,-1,0,0,0,632,1350,900,450,0,1350,0,0,450
2,1,2,58,1,-2,-2,-2,-2,-2,0,0,0,0,0,0,0,0,0
2,2,2,33,0,0,0,0,0,0,12852,14024,14512,16325,2000,1322,2000,2000,3000
2,2,2,28,-2,-2,-2,-2,-2,-2,0,0,0,0,0,0,0,0,0
2,2,2,36,0,0,0,0,0,0,69120,68376,30163,14310,4483,12496,3268,3000,2000
1,1,1,40,2,-1,-1,-1,-1,-1,2715,-13,2641,-10,2728,0,2654,0,0
2,1,2,26,-1,-1,-1,-1,-1,-1,316,316,316,316,316,316,316,316,316
1,3,1,33,0,0,0,0,0,0,50462,50654,20046,20067,2007,2199,691,707,697
2,2,1,31,0,0,0,0,0,0,102594,97109,99029,100871,4000,4500,5000,4000,4400
2,1,2,27,0,0,-1,0,0,-2,2458,664,1814,0,1000,664,1500,0,0
1,2,1,44,0,0,0,0,-1,-1,109189,92630,69669,44149,10063,5162,10150,44299,31031
2,3,2,30,0,0,0,0,0,0,153152,147032,122196,103692,7722,6091,3563,3605,3211
2,1,2,28,0,0,0,0,0,0,52656,52600,52336,55831,4173,3000,2025,5000,3000
2,3,1,32,0,0,0,0,0,0,88743,92195,94814,98182,5000,5000,5000,5000,5000
2,1,1,46,-1,-1,-1,-1,-1,-1,41986,21874,20076,16171,41986,21874,20076,16171,19777
1,1,2,38,2,0,0,0,0,0,62804,62769,62683,63663,3276,2026,2000,2000,2502
2,2,1,46,0,0,0,0,0,0,181557,149944,113135,105280,8610,6907,3727,3800,2701
2,2,2,25,2,0,0,0,0,0,71678,70125,69856,69718,3472,2092,2000,2127,1559
2,2,1,46,0,0,0,0,0,0,9900,10605,10765,11765,1295,1000,1000,1000,1000
1,1,2,33,-1,-1,-1,-1,-1,-1,898,325,898,325,898,325,898,325,345293
2,2,2,22,1,-2,-2,-2,-2,-2,0,0,0,0,0,0,0,0,0
1,2,1,43,3,2,2,2,2,2,2610,1914,2182,2000,1100,0,300,0,0
1,2,2,27,0,0,2,0,0,0,10227,9560,9901,9963,3507,0,500,370,700
1,1,2,29,1,-2,-2,-2,-2,-2,0,0,0,0,0,0,0,0,1500
1,1,2,31,0,0,0,0,0,0,197344,186292,133345,133634,9000,7465,4715,4804,5300
2,2,1,29,-1,-1,-1,-1,-1,-1,657,2179,1423,0,657,2319,1423,0,2496
2,2,1,36,0,0,0,0,0,0,142996,144415,148190,147993,6483,5082,6000,5900,4700
2,1,1,36,0,0,0,0,0,0,60788,63225,29701,30172,2755,3463,1300,1100,2000
1,1,2,34,1,-2,-1,0,-1,-1,0,13001,12601,19595,0,13001,0,19595,0
1,2,2,37,0,0,0,0,0,0,98222,67185,66926,66796,3490,2332,2314,2365,2305
2,1,2,36,-2,-2,-2,-2,-2,-2,0,0,0,0,0,0,0,0,0
2,3,1,40,0,0,0,0,0,0,51213,12104,12898,13687,2400,1206,1000,1000,1000
2,1,2,25,0,0,2,0,0,0,14564,27820,15824,15761,2800,0,4000,1700,2000
2,1,2,27,-1,-1,-1,0,0,0,665,960,4242,4084,665,960,3908,1014,2880
2,2,2,26,-2,-2,-2,-2,-2,-2,3220,5704,1256,1848,3220,5904,0,3000,0
2,2,1,36,-1,-1,-1,-1,-1,-1,23956,0,8500,4590,23962,0,8500,4590,0
2,2,1,27,1,-1,-1,-2,-2,-2,5215,0,0,0,5215,0,0,0,0
1,3,1,55,2,2,2,3,3,4,10613,11339,12841,13836,1200,1200,2000,1500,1500
2,1,2,27,-1,-1,-1,-1,-1,-1,13801,14366,4889,273,13809,14583,4889,273,0
2,2,1,38,-1,0,-1,-1,0,-1,3600,1354,5322,5103,1000,1354,5322,6,9085
2,2,1,34,0,0,0,0,0,0,146333,147042,127814,130331,7000,5000,5000,4900,5100
1,1,2,40,0,0,0,2,0,0,13738,16567,10411,13057,3000,3100,0,3000,0
2,3,1,49,-1,2,2,2,0,0,51040,56205,54723,58657,0,6000,0,5000,3000
1,1,2,27,0,0,0,0,0,0,52557,33415,28776,17580,1631,1286,200,645,200
1,2,2,23,0,0,0,0,0,0,33282,34312,17277,17808,1970,2000,618,809,616
2,2,2,36,0,0,0,0,0,0,48947,50330,50894,52175,2200,2500,2000,2100,2200
2,3,1,53,1,-1,-1,-2,-2,-1,165,526,452,397,165,526,452,397,459
2,3,1,46,3,2,2,0,0,0,50955,29516,29742,29898,3754,1,1070,1030,654
1,2,2,29,1,-2,-2,-2,-2,-2,-2,-2,-2,-2,0,0,0,0,0
1,2,2,29,1,2,2,0,0,0,56598,51908,48647,47862,2500,0,2000,2000,2000
2,1,2,27,0,0,0,0,0,0,180140,166281,155628,145645,21105,5461,5000,5849,50000
1,2,2,24,-1,0,0,0,0,0,2441,3865,7476,8384,1070,1500,3666,2477,1000
2,2,1,28,0,0,0,-2,-1,-1,18826,1100,2100,767,1710,1100,1000,767,1000
2,2,2,32,0,0,0,0,0,0,94054,91834,95631,100123,10000,7000,10000,10000,10000
1,2,2,43,1,-2,-1,0,0,0,0,38013,40555,45075,0,38013,3000,5000,3000
2,2,1,41,-1,2,2,-1,2,-1,650,325,950,475,325,0,950,0,325
2,2,1,34,2,2,2,2,2,0,27976,27233,30184,29566,3800,0,3720,0,1291
1,2,1,55,-2,-1,-1,-2,-2,-2,44665,8300,2190,24599,44665,8321,2190,24599,77195
1,1,1,40,2,2,2,2,2,2,102586,100064,104975,107147,5200,0,8100,4000,4200
2,2,1,37,1,-1,2,-1,-1,-1,505,189,6773,23209,1000,0,6900,24000,2500
2,2,2,40,0,0,2,0,0,0,12394,11883,9826,10167,3000,0,500,500,500
2,1,2,28,1,2,0,0,0,0,10232,11237,11427,20973,0,1483,673,10000,7000
2,2,1,43,1,-2,-2,-2,-1,-1,0,0,0,1600,0,0,0,1600,0
1,1,2,27,0,0,0,0,0,0,19089,19658,19453,19108,1323,1600,830,700,376
2,1,2,28,0,0,0,0,0,0,146943,151905,153538,156664,5795,7408,5645,5753,5865
2,1,2,30,0,0,0,0,0,0,160246,159988,158114,158762,10000,8000,6000,7000,6000
2,2,2,31,-2,-2,-2,-2,-2,-2,0,0,0,0,0,0,0,0,0
2,2,1,31,0,0,0,0,0,0,47716,49675,30929,30078,1974,4406,1061,1073,1047
2,1,2,34,-1,-1,0,-1,-1,-1,6531,6313,1100,1330,6900,5037,1100,1330,2037
2,2,2,30,-2,-2,-2,-2,-2,-2,92,92,0,92,92,92,0,92,1883
1,2,2,36,0,0,0,0,-1,0,6172,4123,680,978,1212,1200,0,978,0
2,1,2,29,-1,2,-1,-1,-1,2,183,4847,20183,24815,0,4872,20183,5000,1000
1,1,1,39,0,0,-1,0,0,-1,281713,242063,122295,-1005,11000,145000,26000,0,1898
2,1,2,26,0,0,0,0,0,0,138232,130553,105894,108248,5440,5051,3835,4106,4028
2,1,2,29,-1,-1,-2,-1,0,0,-707,-2697,2303,6182,0,0,5000,5000,13000
2,2,2,26,-1,-1,-1,0,0,0,4192,4159,3542,1980,4210,4159,1000,1080,1525
2,2,2,29,0,0,0,0,0,0,49316,50409,45545,39963,3000,2000,2000,2000,2000
2,2,2,31,0,0,0,0,0,0,137950,140254,139679,141748,6600,6500,5100,5300,5000
2,2,2,26,0,0,0,0,0,0,19012,20123,20222,20796,1411,1522,621,795,1000
1,1,2,26,0,0,-1,0,0,-1,20473,1940,1940,0,1541,4200,0,0,3000
1,1,1,36,1,-2,-1,-1,-2,-1,-13543,3432,-3684,0,10118,47015,0,4000,10000
1,1,2,30,1,-2,-2,-2,-2,-2,0,0,0,0,0,0,0,0,0
2,2,2,43,0,0,0,0,0,0,78102,58501,51042,19036,3177,2600,3000,1691,882
1,3,1,58,2,2,2,0,0,2,18720,18122,18530,19089,3400,0,1000,1001,638
1,2,1,45,-1,0,0,0,0,0,28422,29650,29981,30419,1481,2000,1100,1200,1500
2,2,2,26,0,0,0,0,0,0,128940,124226,113133,113966,6349,5834,3870,4000,3520
1,2,2,34,0,0,0,0,0,0,179206,193992,174675,171253,9010,35000,5000,6000,4400
2,4,2,24,0,0,0,0,0,0,77431,79044,80631,82333,3000,2900,2900,3000,4000
1,1,1,34,-1,-1,-1,-1,-1,-1,291,51058,2351,34039,291,51058,35696,34039,291
2,2,2,23,4,3,2,0,0,0,509229,499936,505507,484612,10000,0,14000,16500,19000
2,2,2,30,0,0,0,0,0,0,71151,72029,72849,74374,2589,2568,2570,2661,2500
1,2,2,32,4,3,2,0,0,0,44741,43562,44039,45008,0,0,1262,1358,1590
1,1,1,40,1,-2,-1,0,-1,-1,0,2066,2000,216,0,2066,0,216,66
2,1,2,35,-2,-2,-2,-2,-2,-2,300,399,665,576,300,399,665,576,520
2,2,1,56,1,-1,-1,-2,-1,-1,1520,1488,0,3965,1529,1507,0,3965,384
2,2,1,61,0,0,0,0,0,0,49396,50476,23319,23171,3000,2237,975,1000,1039
1,2,2,24,-1,2,2,2,0,0,1923,2989,2813,2008,0,1500,0,0,0
1,1,1,40,1,-2,-2,-2,-2,-2,0,0,0,0,0,0,0,0,0
2,2,1,32,3,2,0,0,0,0,20010,19703,11084,10918,0,1168,384,390,616
1,2,1,36,2,2,-2,-2,-2,-2,0,0,0,0,0,0,0,0,0
1,1,2,30,-1,-1,-1,-1,-1,-1,2977,15086,8578,13028,2977,15086,9123,13028,50000
2,1,2,34,0,0,0,2,2,2,35089,43449,42451,49718,1640,9000,0,8000,2000
1,3,3,54,0,0,0,0,0,0,22298,22352,23221,24339,2500,2000,1500,4000,0
1,1,1,46,0,0,0,0,0,0,174590,175233,106288,28089,8100,5299,3305,5040,7000
1,3,1,58,0,0,0,0,0,0,20168,21229,21495,21800,1640,1700,915,800,1961
1,2,1,43,1,2,0,0,0,2,19901,20905,21509,25183,0,1342,946,4200,1000
2,1,2,28,-1,0,0,-1,-1,-1,14446,7609,4991,3400,14000,3855,4991,3600,4000
1,1,2,30,0,0,0,0,0,0,71906,43308,44584,47842,3500,3000,2000,4000,10000
1,2,2,31,0,0,0,0,0,0,15129,15093,9577,11139,2000,3000,327,3000,5000
2,2,2,29,0,0,0,0,0,0,90780,70947,72367,73875,4200,2575,2600,2674,5750
2,2,1,37,2,2,2,0,0,0,3200,3381,3559,1948,1500,400,200,500,400
1,3,1,36,0,0,0,0,0,0,78372,91502,90859,88616,3000,30000,4000,4000,3300
2,2,2,28,-1,0,0,2,0,0,3848,5646,5464,5577,1105,1903,0,296,95
1,2,2,25,0,0,0,0,0,-2,31429,27923,25280,0,10010,1209,579,0,6305
2,5,1,42,0,0,0,0,0,0,342904,344464,240865,234939,15000,14000,9000,8500,8300
2,1,2,29,1,-1,-1,-2,-2,-2,80000,0,0,0,80000,0,0,0,0
1,3,1,73,-1,0,0,2,2,2,65631,68875,70646,72870,3500,4330,3500,3500,5100
1,2,1,43,0,0,0,0,0,0,154049,156523,159653,162866,7900,6500,5700,5700,5334
1,1,1,30,-1,-1,-1,0,0,-1,291,582,291,0,291,582,0,0,651
1,1,1,38,1,-2,-2,-2,-2,-2,0,0,0,0,0,0,0,0,0
2,2,1,39,1,-1,0,0,0,0,35918,37297,37154,32581,38621,2000,1130,922,5000
1,2,1,44,0,0,0,0,0,0,91989,87720,76218,72090,4400,4013,3011,3000,2653
2,2,2,29,0,0,0,0,0,0,17102,18862,19996,21214,3000,3000,3000,3500,2000
1,1,1,51,-1,-1,-1,-2,-2,-2,25000,0,0,0,25000,0,0,0,0
2,1,2,27,0,0,0,0,0,0,144105,143952,142590,142650,10000,10000,6000,6000,5600
1,1,2,38,0,0,0,0,0,0,42653,42351,43011,43011,2502,1200,860,0,0
2,2,2,22,-2,-2,-2,-2,-2,-2,0,0,848,0,0,0,848,0,0
2,2,1,30,0,0,0,0,0,0,106134,108423,91143,82733,4002,5000,3500,3000,5000
2,2,2,25,2,2,2,2,2,2,120822,109887,116313,119311,4007,0,8272,5000,4400
1,1,2,29,0,0,0,0,0,-1,132280,99174,65372,28797,5233,3289,2072,3018,6100
2,3,3,42,0,0,0,0,0,0,29091,28097,28665,28768,1488,1394,962,1500,2000
1,1,2,41,-1,-1,-1,-1,-1,2,2084,384,0,2344,2091,384,0,2344,472
1,2,1,48,0,0,0,0,0,0,28870,27806,25142,25667,1774,1710,1046,1079,2244
2,1,2,29,2,2,2,2,2,2,163916,159676,166893,170098,7500,0,11558,5800,5654
1,1,1,52,-2,-2,-2,-2,-2,-2,2690,3410,0,0,2690,3487,0,0,396
2,2,1,25,0,0,0,-2,-2,-2,21393,0,0,0,6000,0,0,0,0
1,1,1,37,1,2,0,0,0,0,491956,430637,376657,356636,325,15296,12137,12312,10526
2,1,2,27,0,0,0,0,0,0,62893,59001,61565,59508,11404,8232,10450,9697,11341
1,1,2,31,0,0,0,0,0,0,175646,180650,182672,168399,10000,8000,6371,6217,6288
2,1,2,23,1,2,2,2,2,2,28577,30805,31601,32349,0,2709,1600,1400,1200
2,1,1,38,-1,-1,-2,-1,-1,-2,0,0,367,-150,0,0,367,150,0
2,1,1,32,1,-2,-1,-1,-1,-1,0,2809,4595,792,0,2809,4606,792,0
2,2,2,27,1,2,0,0,0,0,12647,13135,10596,9218,0,1064,423,313,4641
2,3,1,41,-2,-2,-2,-2,-2,-2,26665,199960,9033,19371,26734,199982,9033,19371,2000
2,3,1,35,-1,-1,-1,-2,-2,-2,5000,0,0,0,5000,0,0,0,640
2,1,2,31,-2,-2,-2,-2,-2,-2,14845,1097,0,0,17507,1102,0,0,1103
2,1,2,30,0,0,0,0,0,2,16262,17286,17895,19450,2000,1600,1200,2000,1000
1,2,1,48,0,0,0,0,0,0,43048,35639,18753,19091,3629,3332,2000,2000,2500
2,1,2,36,1,-2,-2,-2,-2,-2,0,0,0,0,0,0,0,0,0
1,1,2,24,2,0,0,0,0,2,26354,27710,27959,30002,1500,1800,1007,2500,1800
2,1,2,29,0,0,0,0,0,0,167199,158520,156977,157963,8071,9021,7013,6013,6010
2,2,2,38,-1,-1,-1,-1,-1,-1,2795,1350,371,2980,2795,1350,371,2980,2213
1,2,1,38,2,2,2,0,0,0,105924,102663,97090,98045,4500,0,3500,3500,0
2,2,1,30,0,0,0,0,0,0,197967,201666,205798,196698,10000,7143,7306,6303,6000
2,2,1,32,-1,-1,-2,-2,-2,-2,0,0,0,0,0,0,0,0,0
2,3,2,49,2,2,2,2,0,0,12081,13087,12583,15327,3000,1500,0,3123,1000
2,1,2,31,-1,-1,-1,-1,0,-1,199,199,398,199,199,199,398,0,398
1,1,2,27,0,0,0,0,0,0,68536,66601,29401,28949,3600,1646,600,28468,1000
2,2,2,33,0,0,0,0,0,0,177946,119362,117766,68791,6000,4500,5000,3000,3000
2,2,2,25,0,0,0,0,0,0,71732,73241,74424,76070,3200,3300,3000,3001,3100
2,1,2,27,0,0,0,0,0,0,299998,300426,292869,292885,13007,10612,10041,11000,7000
2,1,2,29,0,0,0,0,0,0,49537,50422,50990,52014,2500,2500,2000,2000,2500
2,1,1,36,0,0,0,0,0,0,162189,166127,169365,168755,6422,6565,5951,6006,5946
1,3,1,55,0,0,-1,-1,-1,-2,8485,17231,1770,0,6015,17454,1775,0,0
2,2,1,32,1,2,2,2,2,2,233036,229286,217644,223690,10000,8000,0,16000,0
2,1,2,27,-1,-1,-2,-1,2,-1,0,0,300,150,0,0,300,0,200
1,3,1,37,0,0,0,0,0,0,62499,62162,60605,60272,2300,2200,2300,2200,2300
2,1,1,25,0,0,0,0,0,0,50231,46677,44982,21399,2500,3008,1000,761,704
2,1,2,23,0,0,0,0,0,0,73281,57806,37642,46235,3212,1600,956,40000,1700
1,2,2,23,-1,-1,-1,-1,0,0,350,400,1695,12645,350,400,1695,11300,2400
1,1,2,32,0,0,0,0,2,2,85586,87289,91451,93381,4000,4037,6500,3500,3200
2,1,2,26,1,-2,-1,-1,-1,-1,0,945,0,197,0,945,0,197,0
2,1,2,27,0,0,0,0,0,0,124653,126355,114881,117213,5704,5930,4000,4003,4400
1,1,2,44,0,0,0,0,0,0,231443,234557,200643,194410,12026,9010,7400,8000,7000
1,2,2,34,0,0,0,0,0,0,33304,29254,24875,20329,1600,1500,1100,1000,500
2,1,2,28,0,0,0,0,0,0,107604,89902,90983,82255,4500,4400,3000,2400,2500
2,1,1,53,-1,-1,-1,0,0,-1,1260,29366,5400,0,1260,29366,54,0,0
1,4,1,42,0,0,0,0,0,0,38246,32253,30384,30900,5000,1485,1956,1500,2102
2,3,1,30,0,0,0,2,0,0,98007,82227,65000,60848,4505,12906,0,2210,5200
1,1,1,51,1,-2,-2,-2,-2,-2,0,0,0,0,0,0,0,0,0
1,1,1,53,2,2,0,0,0,0,458862,469703,447130,440982,0,18000,16000,16000,20000
1,2,2,37,0,0,0,-1,0,0,262736,36638,122388,127402,14000,5022,130000,7000,6000
2,1,2,26,0,0,-2,-2,-2,-2,179,1443,1443,1443,179,1443,1443,1443,2015
1,2,2,42,0,0,0,0,0,0,28202,78553,49340,48919,2500,51432,1800,1800,1700
1,2,2,39,0,0,0,0,0,-1,36549,17431,15031,10600,2027,1207,301,212,4987
1,3,2,39,1,2,2,2,2,2,69329,74175,72383,77217,0,6000,0,6000,6000
1,1,2,32,-1,0,0,0,0,-2,24131,25326,25775,0,1800,1900,1300,0,0
2,2,1,41,-1,-1,-1,-1,-1,-1,18163,5473,8162,6985,18163,5654,12887,6985,6554
1,2,1,48,0,0,0,0,0,-1,39883,32017,17630,9730,2100,1217,500,0,4590
2,2,1,38,0,0,0,0,0,0,151651,159019,123022,126075,5657,10372,5000,5000,5000
2,2,1,36,-1,-1,-1,-1,-1,-1,8638,5702,2980,1260,8638,5723,2980,1260,2198
2,2,2,26,0,0,0,-1,-1,0,99860,100000,3015,23473,80000,3000,3015,23473,4900
2,1,2,28,0,0,0,0,0,0,131255,110503,99283,97599,120093,8034,3013,4010,3000
2,3,3,56,1,-2,-1,-1,-2,-1,0,1991,0,0,0,1991,0,0,614
1,1,1,59,-1,0,0,0,0,0,206331,203813,201331,198999,7536,7277,7100,7120,6945
1,1,2,38,0,0,0,0,0,0,211043,212759,218541,167743,8909,7500,9000,6729,7009
1,2,2,32,0,0,0,0,0,0,28006,25000,22046,19860,1610,1224,655,627,500
1,2,1,38,0,0,0,-1,0,0,49677,49515,42568,48268,10026,7241,50091,25000,2132
2,1,1,41,-1,-1,-1,-1,-1,-1,3274,6190,307,2870,3276,6246,307,2870,1362
2,3,2,35,0,0,0,0,0,0,363325,373181,252195,257496,13802,16525,8893,9229,9435
2,2,2,41,0,0,0,0,0,0,372700,375948,195991,152127,14020,13595,6243,6007,6012
1,2,1,34,-1,-1,-1,-1,-1,-1,2790,1140,2144,1180,2790,1140,2144,1180,2440
1,3,1,38,1,2,2,0,0,2,30321,31018,32193,34213,1800,1500,2000,2700,0
2,2,1,32,-1,-1,-1,-1,-1,-1,2682,0,6440,0,2682,0,6440,0,5120
2,2,2,29,0,0,0,0,0,0,28358,28937,29614,30391,1900,1400,1000,1100,420
1,1,2,44,0,0,0,0,0,0,28527,29241,28513,29106,1800,1500,1200,1203,1000
2,2,1,37,0,0,0,2,0,0,68200,72972,71248,50610,2518,5950,0,1782,2700
2,1,1,38,-1,2,-1,-1,-1,0,300,501,300,600,0,501,300,600,600
1,1,2,31,-2,-2,-2,-2,-2,-2,0,0,0,0,0,0,0,0,0
2,2,1,40,0,0,0,0,-1,2,137101,90801,0,1069,120041,4435,0,1069,67619
1,2,2,26,0,0,2,2,2,2,146193,140202,144035,140419,17000,0,11400,550,5400
2,2,2,28,0,0,0,0,-1,2,41799,37887,37876,6736,2112,1200,758,6736,0
1,3,1,48,1,2,2,2,2,2,73317,71334,67009,63228,1700,4000,1600,1600,4086
2,2,1,43,-1,-1,-1,-1,-1,-1,1709,574,556,2306,1709,574,556,2306,2111
1,2,1,31,0,0,0,0,0,0,180633,172914,130139,115494,7600,6303,4137,3502,3517
2,1,1,42,-1,-1,-1,-1,-1,-1,15111,13165,0,10500,15111,13165,0,10500,0
1,2,1,39,0,0,0,0,0,0,91523,91579,91193,92837,3317,3506,4218,5000,938
2,2,1,36,-1,-1,-1,0,-1,-1,1648,792,396,396,1648,792,0,396,792
2,1,1,34,-1,-1,-1,-1,-1,-1,6088,4663,3885,4414,6277,4663,4140,4414,7725
2,2,2,32,-2,-2,-2,-2,-2,-2,0,0,0,0,157,0,0,0,0
2,2,1,43,2,2,2,2,2,0,26622,24022,24368,20859,1300,2,1608,0,800
1,2,2,30,0,0,0,2,0,0,100980,222102,108724,68500,4000,11900,207,2003,2003
2,2,2,28,0,0,-1,-1,-2,-2,17616,308,0,0,4000,308,0,0,0
2,1,1,28,0,0,0,0,0,0,9434,10038,10040,10400,1203,1047,248,408,276
1,1,1,41,-1,-1,-1,-1,-1,-1,672,226,390,220,1000,390,1000,220,1000
2,3,2,47,0,0,0,0,0,0,202961,194449,196814,200526,7521,7000,7000,7128,7100
1,2,2,23,0,0,2,0,0,0,20417,18333,18848,30190,7403,0,820,1025,104
2,1,1,49,-1,-1,-2,-1,-1,-1,0,0,120,-6,0,0,120,6,0
1,1,1,38,0,0,0,2,2,0,17272,20565,20705,20255,1623,3916,750,0,850
